--- Terminal on /dev/cu.usbmodem1101 | 9600 8-N-1
--- Available filters and text transformations: colorize, debug, default, direct, esp32_exception_decoder, hexlify, log2file, nocontrol, printable, send_on_enter, time
--- More details at https://bit.ly/pio-monitor-filters
--- Quit: Ctrl+C | Menu: Ctrl+T | Help: Ctrl+T followed by Ctrl+H
0102,0304,0506,0708,50659332,96,661058,3996,2837043950,1,1,0,2688.04,66.67,7.45,36928606208.00,2861.57,203.00
0102,0304,0506,0708,50659332,96,661058,3997,2957072126,1,1,0,3907.49,66.67,7.50,33517787136.00,2404.95,204.00
0102,0304,0506,0708,50659332,96,661058,3998,3077046158,1,1,0,5755.85,66.67,7.50,14561677312.00,2338.01,205.00
0102,0304,0506,0708,50659332,96,661058,3999,3197047424,1,1,0,5702.75,66.67,7.50,5313085440.00,2304.74,206.00
0102,0304,0506,0708,50659332,96,661058,4000,3317048108,1,1,0,3712.35,66.67,7.50,1908097792.00,3472.92,207.00
0102,0304,0506,0708,50659332,96,661058,4001,3437049110,1,1,0,4174.72,66.67,7.55,884112064.00,4145.70,208.00
0102,0304,0506,0708,50659332,96,661058,4002,3557050310,1,1,0,3120.43,66.67,10.08,866082176.00,5451.25,209.00
0102,0304,0506,0708,50659332,96,661058,4003,3677049482,1,1,0,3389.27,66.67,19.35,8380106240.00,4583.60,210.00
0102,0304,0506,0708,50659332,96,661058,4004,3797045018,1,1,0,3018.98,66.67,19.35,8645445632.00,5649.06,211.00
0102,0304,0506,0708,50659332,96,661058,4005,3917046660,0,1,0,1613.08,0.00,19.67,9030226944.00,6262.23,212.00
0102,0304,0506,0708,50659332,96,661058,4006,4037051184,0,1,0,1710.11,0.00,20.00,60626296832.00,8272.18,213.00
0102,0304,0506,0708,50659332,96,661058,4007,4157053346,0,1,0,1965.51,66.67,20.00,88471552000.00,11500.16,214.00
0102,0304,0506,0708,50659332,96,661058,4008,4277051594,1,1,0,3959.73,66.67,10.34,81655619584.00,13086.90,215.00
0102,0304,0506,0708,50659332,96,661058,4009,102085666,1,1,0,2426.18,66.67,10.34,55074267136.00,17121.35,216.00
0102,0304,0506,0708,50659332,96,661058,4010,222082504,1,1,0,4621.02,66.67,10.34,24850376704.00,15951.26,217.00
0102,0304,0506,0708,50659332,96,661058,4011,342083350,1,1,0,11340.11,66.67,10.26,12050957312.00,15702.07,218.00
0102,0304,0506,0708,50659332,96,661058,4012,462083632,1,1,0,11132.19,66.67,10.17,9797601280.00,13810.55,219.00
0102,0304,0506,0708,50659332,96,661058,4013,582081160,1,1,0,6586.56,66.67,10.17,21777094656.00,11947.43,220.00
0102,0304,0506,0708,50659332,96,661058,4014,702079912,1,1,0,6968.24,66.67,20.00,54177124352.00,11224.48,221.00
0102,0304,0506,0708,50659332,96,661058,4015,822079006,1,1,0,5658.81,66.67,20.00,127980978176.00,9430.44,222.00
0102,0304,0506,0708,50659332,96,661058,4016,942079240,1,1,0,10505.61,66.67,20.00,204568903680.00,9281.82,223.00
0102,0304,0506,0708,50659332,96,661058,4017,1062080464,1,1,0,7259.97,66.67,20.00,179034357760.00,9556.00,224.00
0102,0304,0506,0708,50659332,96,661058,4018,1182078436,1,1,0,10996.23,66.67,19.67,89712025600.00,8156.01,225.00
0102,0304,0506,0708,50659332,96,661058,4019,1302077824,1,1,0,10561.96,66.67,19.67,28516227072.00,6897.02,226.00
0102,0304,0506,0708,50659332,96,661058,4020,1422077020,1,1,0,7426.26,66.67,19.35,23349921792.00,6305.87,227.00
0102,0304,0506,0708,50659332,96,661058,4021,1542080734,1,1,0,9099.46,66.67,8.39,52574752768.00,6744.61,228.00
0102,0304,0506,0708,50659332,96,661058,4022,1662080800,1,1,0,6892.66,66.67,8.33,127945293824.00,7988.73,229.00
0102,0304,0506,0708,50659332,96,661058,4023,1782078610,1,1,0,13918.89,66.67,8.39,228610293760.00,9307.87,230.00
0102,0304,0506,0708,50659332,96,661058,4024,1902076882,1,1,0,5510.99,66.67,8.45,440424169472.00,9502.26,231.00
0102,0304,0506,0708,50659332,96,661058,4025,2022075328,1,1,0,9414.05,66.67,8.39,581606506496.00,8152.90,232.00
0102,0304,0506,0708,50659332,96,661058,4026,2142074866,1,1,0,6072.85,66.67,8.33,424334983168.00,8236.89,233.00
0102,0304,0506,0708,50659332,96,661058,4027,2262074722,1,1,0,3842.48,66.67,8.33,181182332928.00,7591.90,234.00
0102,0304,0506,0708,50659332,96,661058,4028,2382073204,1,1,0,3512.56,66.67,8.33,58302951424.00,6744.45,235.00
0102,0304,0506,0708,50659332,96,661058,4029,2502073054,1,1,0,4093.95,66.67,8.33,28097417216.00,5976.43,236.00
0102,0304,0506,0708,50659332,96,661058,4030,2622072862,1,1,0,4295.72,66.67,8.33,16686913536.00,5049.01,237.00
0102,0304,0506,0708,50659332,96,661058,4031,2742072406,1,1,0,4710.04,66.67,8.33,6159855616.00,4234.88,238.00
0102,0304,0506,0708,50659332,96,661058,4032,2862073108,1,1,0,5974.16,66.67,8.33,11909884928.00,3542.40,239.00
0102,0304,0506,0708,50659332,96,661058,4033,2982070708,1,1,0,7385.90,66.67,8.33,27722481664.00,3051.25,240.00
0102,0304,0506,0708,50659332,96,661058,4034,3102070678,1,1,0,8647.61,66.67,8.33,33683247104.00,2498.81,241.00
0102,0304,0506,0708,50659332,96,661058,4035,3222071116,1,1,0,10155.96,66.67,8.33,28209147904.00,2064.35,242.00
0102,0304,0506,0708,50659332,96,661058,4036,3342070036,1,1,0,11258.78,66.67,8.33,18439190528.00,1782.34,243.00
0102,0304,0506,0708,50659332,96,661058,4037,3462095818,1,1,0,10934.51,66.67,8.39,9009633280.00,1474.43,244.00
0102,0304,0506,0708,50659332,96,661058,4038,3582069328,1,1,0,11422.81,66.67,8.39,3467615488.00,1221.40,245.00
0102,0304,0506,0708,50659332,96,661058,4039,3702069526,1,1,0,12329.50,66.67,8.39,1123668864.00,999.62,246.00
0102,0304,0506,0708,50659332,96,661058,4040,3822070384,1,1,0,11729.52,66.67,8.39,584532032.00,819.17,247.00
0102,0304,0506,0708,50659332,96,661058,4041,3942071044,1,1,0,13951.18,66.67,8.39,1408038144.00,727.85,248.00
0102,0304,0506,0708,50659332,96,661058,4042,4062100660,1,1,0,14830.75,66.67,8.45,6708641280.00,675.48,249.00
0102,0304,0506,0708,50659332,96,661058,4043,4182071296,1,1,0,14780.31,66.67,8.45,13495392256.00,620.23,250.00
0102,0304,0506,0708,50659332,96,661058,4044,7105794,1,1,0,12849.70,66.67,8.51,15277745152.00,586.33,251.00
0102,0304,0506,0708,50659332,96,661058,4045,127106610,1,1,0,11149.30,66.67,8.51,10491751424.00,482.84,252.00
0102,0304,0506,0708,50659332,96,661058,4046,247108776,1,1,0,4562.81,66.67,8.45,5921656320.00,503.40,253.00
0102,0304,0506,0708,50659332,96,661058,4047,367139112,1,1,0,3022.68,66.67,8.45,24740194304.00,580.27,254.00
0102,0304,0506,0708,50659332,96,661058,4048,487113306,1,1,0,4294.99,66.67,8.57,73945366528.00,4275.51,255.00
0102,0304,0506,0708,50659332,96,661058,4049,607114584,1,1,0,5477.63,66.67,8.70,79160000512.00,7184.40,256.00
0102,0304,0506,0708,50659332,96,661058,4050,727119264,1,1,0,2267.56,66.67,8.76,69839437824.00,8916.88,257.00
0102,0304,0506,0708,50659332,96,661058,4051,847120080,1,1,0,2680.53,66.67,8.82,40101928960.00,7658.42,258.00
0102,0304,0506,0708,50659332,96,661058,4052,967122594,1,1,0,4637.39,66.67,8.82,18377644032.00,6701.57,259.00
0102,0304,0506,0708,50659332,96,661058,4053,1087122174,1,1,0,2153.12,66.67,8.89,6099377664.00,6889.71,260.00
0102,0304,0506,0708,50659332,96,661058,4054,1207119756,1,1,0,2875.11,66.67,8.96,4711536640.00,7488.90,261.00
0102,0304,0506,0708,50659332,96,661058,4055,1327120698,1,1,0,2333.43,66.67,8.96,8639832064.00,7839.47,262.00
0102,0304,0506,0708,50659332,96,661058,4056,1447123236,1,1,0,2628.36,66.67,8.96,37262905344.00,8317.71,263.00
0102,0304,0506,0708,50659332,96,661058,4057,1567125786,1,1,0,3073.50,66.67,9.09,66525937664.00,7729.83,264.00
0102,0304,0506,0708,50659332,96,661058,4058,1687126914,1,1,0,3916.45,66.67,9.09,61509025792.00,8316.07,265.00
0102,0304,0506,0708,50659332,96,661058,4059,1807127058,1,1,0,3975.27,66.67,9.09,36381003776.00,6855.20,266.00
0102,0304,0506,0708,50659332,96,661058,4060,1927127514,1,1,0,3262.08,66.67,9.09,13386406912.00,5827.42,267.00
0102,0304,0506,0708,50659332,96,661058,4061,2047126806,1,1,0,2965.76,66.67,9.09,23822534656.00,4794.30,268.00
0102,0304,0506,0708,50659332,96,661058,4062,2167128156,1,1,0,3294.80,66.67,9.09,68016128000.00,3950.78,269.00
0102,0304,0506,0708,50659332,96,661058,4063,2287127898,1,1,0,7252.40,66.67,9.09,124498968576.00,4084.86,270.00
0102,0304,0506,0708,50659332,96,661058,4064,2407127916,1,1,0,4832.56,66.67,9.02,184819056640.00,5130.91,271.00
0102,0304,0506,0708,50659332,96,661058,4065,2527128048,1,1,0,3775.83,66.67,9.02,156636971008.00,4883.71,272.00
0102,0304,0506,0708,50659332,96,661058,4066,2647125762,1,1,0,2425.45,66.67,8.96,74413481984.00,4722.45,273.00
0102,0304,0506,0708,50659332,96,661058,4067,2767126074,1,1,0,3643.98,66.67,8.96,25012211712.00,3862.36,274.00
0102,0304,0506,0708,50659332,96,661058,4068,2887124394,1,1,0,6401.02,66.67,8.96,24394502144.00,4562.17,275.00
0102,0304,0506,0708,50659332,96,661058,4069,3007123344,1,1,0,3489.88,66.67,8.96,47806324736.00,3791.50,276.00
0102,0304,0506,0708,50659332,96,661058,4070,3127122366,1,1,0,3629.95,66.67,8.96,72041832448.00,3761.65,277.00
0102,0304,0506,0708,50659332,96,661058,4071,3247120170,1,1,0,3402.48,66.67,8.96,70295281664.00,3392.50,278.00
0102,0304,0506,0708,50659332,96,661058,4072,3367119810,1,1,0,3302.51,66.67,8.96,53556568064.00,3240.83,279.00
0102,0304,0506,0708,50659332,96,661058,4073,3487116192,1,1,0,3976.33,66.67,6.32,20976783360.00,3644.35,280.00
0102,0304,0506,0708,50659332,96,661058,4074,3607112472,1,1,0,6099.21,66.67,6.35,9232907264.00,3559.90,281.00
0102,0304,0506,0708,50659332,96,661058,4075,3727109946,1,1,0,5326.50,66.67,6.35,6615102464.00,3203.48,282.00
0102,0304,0506,0708,50659332,96,661058,4076,3847109664,1,1,0,2315.49,66.67,6.35,3091734784.00,2656.95,283.00
0102,0304,0506,0708,50659332,96,661058,4077,3967109298,1,1,0,2111.24,66.67,6.38,2868384256.00,2191.15,284.00
0102,0304,0506,0708,50659332,96,661058,4078,4087106298,0,1,0,1910.24,66.67,6.42,12953452544.00,1849.05,285.00
0102,0304,0506,0708,50659332,96,661058,4079,4207103706,1,1,0,3457.83,66.67,6.45,27226646528.00,1537.88,286.00
0102,0304,0506,0708,50659332,96,661058,4080,32135870,1,1,0,2929.61,66.67,6.49,21330339840.00,1321.84,287.00
0102,0304,0506,0708,50659332,96,661058,4081,152135204,1,1,0,2025.16,66.67,6.52,8262857216.00,1582.51,288.00
0102,0304,0506,0708,50659332,96,661058,4082,272164040,0,1,0,1993.09,66.67,8.96,2603300352.00,1364.33,289.00
0102,0304,0506,0708,50659332,96,661058,4083,392139692,1,1,0,3195.11,66.67,8.96,1590647552.00,1275.91,290.00
0102,0304,0506,0708,50659332,96,661058,4084,512141498,1,1,0,4469.51,66.67,6.52,9157195776.00,1172.03,291.00
0102,0304,0506,0708,50659332,96,661058,4085,632143664,1,1,0,4550.54,66.67,6.56,12413513728.00,3352.25,292.00
0102,0304,0506,0708,50659332,96,661058,4086,752144498,1,1,0,4413.96,66.67,6.63,4601478656.00,13436.50,293.00
0102,0304,0506,0708,50659332,96,661058,4087,872146640,1,1,0,5253.08,66.67,6.67,1983301632.00,13084.36,294.00
0102,0304,0506,0708,50659332,96,661058,4088,992146340,1,1,0,3397.55,66.67,24.00,17908097024.00,16027.99,295.00
0102,0304,0506,0708,50659332,96,661058,4089,1112146682,0,1,0,1881.88,66.67,24.00,59065749504.00,13763.92,296.00
0102,0304,0506,0708,50659332,96,661058,4090,1232147612,1,1,0,2777.59,66.67,24.00,67269103616.00,13390.24,297.00
0102,0304,0506,0708,50659332,96,661058,4091,1352148326,1,1,0,5146.56,66.67,24.00,28551467008.00,18432.34,298.00
0102,0304,0506,0708,50659332,96,661058,4092,1472147102,1,1,0,7050.19,66.67,24.49,30241974272.00,16021.92,299.00
0102,0304,0506,0708,50659332,96,661058,4093,1592143022,0,1,0,1815.79,66.67,25.00,56371367936.00,18762.47,300.00
0102,0304,0506,0708,50659332,96,661058,4094,1712146976,1,1,0,2397.35,66.67,25.00,67582615552.00,16341.25,301.00
0102,0304,0506,0708,50659332,96,661058,4095,1832146232,1,1,0,2710.52,66.67,9.52,60212998144.00,13431.85,302.00
0102,0304,0506,0708,50659332,96,661058,4096,1952146256,1,1,0,3903.46,66.67,9.45,54192181248.00,14334.90,303.00
0102,0304,0506,0708,50659332,96,661058,4097,2072145770,1,1,0,3452.39,66.67,9.45,38527311872.00,12652.72,304.00
0102,0304,0506,0708,50659332,96,661058,4098,2192142680,1,1,0,3524.14,66.67,9.45,23320076288.00,10617.26,305.00
0102,0304,0506,0708,50659332,96,661058,4099,2312141504,1,1,0,4379.48,66.67,9.45,12341300224.00,8706.25,306.00
0102,0304,0506,0708,50659332,96,661058,4100,2432139374,1,1,0,2938.90,66.67,9.45,4316113920.00,7186.17,307.00
0102,0304,0506,0708,50659332,96,661058,4101,2552136218,1,1,0,3362.10,66.67,9.52,2565220864.00,6068.01,308.00
0102,0304,0506,0708,50659332,96,661058,4102,2672136998,1,1,0,3352.23,66.67,9.45,2524886272.00,5401.19,309.00
0102,0304,0506,0708,50659332,96,661058,4103,2792133626,1,1,0,3006.05,66.67,9.45,2458788096.00,4537.87,310.00
0102,0304,0506,0708,50659332,96,661058,4104,2912131136,1,1,0,4046.46,66.67,9.45,2257057280.00,3814.04,311.00
0102,0304,0506,0708,50659332,96,661058,4105,3032130326,1,1,0,4590.51,66.67,9.45,1531096064.00,3145.13,312.00
0102,0304,0506,0708,50659332,96,661058,4106,3152129564,1,1,0,4562.13,66.67,9.45,616920832.00,2568.94,313.00
0102,0304,0506,0708,50659332,96,661058,4107,3272160164,1,1,0,4671.98,66.67,9.45,200342816.00,2116.72,314.00
0102,0304,0506,0708,50659332,96,661058,4108,3392134040,1,1,0,5246.43,66.67,9.45,119014344.00,1765.14,315.00
0102,0304,0506,0708,50659332,96,661058,4109,3512136152,1,1,0,5705.98,66.67,9.45,273544960.00,1488.73,316.00
0102,0304,0506,0708,50659332,96,661058,4110,3632137568,1,1,0,5304.80,66.67,9.45,138080176.00,1243.13,317.00
0102,0304,0506,0708,50659332,96,661058,4111,3752142272,1,1,0,3341.44,66.67,9.45,2295724032.00,1931.98,318.00
0102,0304,0506,0708,50659332,96,661058,4112,3872144366,1,1,0,5667.08,66.67,9.52,27113023488.00,3840.32,319.00
0102,0304,0506,0708,50659332,96,661058,4113,3992143388,1,1,0,3873.82,66.67,9.52,77916110848.00,3556.20,320.00
0102,0304,0506,0708,50659332,96,661058,4114,4112140934,0,1,0,1919.23,66.67,9.52,145933877248.00,4863.23,321.00
0102,0304,0506,0708,50659332,96,661058,4115,4232144468,1,1,0,2798.99,66.67,9.52,188705456128.00,4078.56,322.00
0102,0304,0506,0708,50659332,96,661058,4116,57178714,1,1,0,3802.39,66.67,9.45,134525878272.00,3794.91,323.00
0102,0304,0506,0708,50659332,96,661058,4117,177182794,1,1,0,5219.74,66.67,9.45,51800412160.00,3680.67,324.00
0102,0304,0506,0708,50659332,96,661058,4118,297183568,1,1,0,4275.51,66.67,9.45,38145142784.00,3679.14,325.00
0102,0304,0506,0708,50659332,96,661058,4119,417185416,1,1,0,3580.21,66.67,6.03,129449680896.00,3041.19,326.00
0102,0304,0506,0708,50659332,96,661058,4120,537186184,1,1,0,2123.30,66.67,9.76,275200802816.00,2515.25,327.00
0102,0304,0506,0708,50659332,96,661058,4121,657186352,1,1,0,3053.30,66.67,9.76,351910690816.00,2196.97,328.00
0102,0304,0506,0708,50659332,96,661058,4122,777189088,1,1,0,2577.77,66.67,6.03,372505444352.00,2190.89,329.00
0102,0304,0506,0708,50659332,96,661058,4123,897187666,1,1,0,3099.48,66.67,6.03,290141667328.00,2361.10,330.00
0102,0304,0506,0708,50659332,96,661058,4124,1017189034,0,1,0,1961.30,66.67,6.03,140617105408.00,3104.59,331.00
0102,0304,0506,0708,50659332,96,661058,4125,1137189412,1,1,0,2141.97,66.67,6.03,52289585152.00,2967.48,332.00
0102,0304,0506,0708,50659332,96,661058,4126,1257189118,0,1,0,1971.36,66.67,6.03,17053542400.00,2579.18,333.00
0102,0304,0506,0708,50659332,96,661058,4127,1377189040,0,1,0,1970.80,66.67,6.03,5548513792.00,2103.04,334.00
0102,0304,0506,0708,50659332,96,661058,4128,1497184804,0,1,0,1869.03,66.67,15.58,2286923776.00,1816.76,335.00
0102,0304,0506,0708,50659332,96,661058,4129,1617183862,1,1,0,2166.78,66.67,15.38,1807028480.00,1512.38,336.00
0102,0304,0506,0708,50659332,96,661058,4130,1737180236,0,1,0,1666.24,0.00,15.58,1043019328.00,1250.95,337.00
0102,0304,0506,0708,50659332,96,661058,4131,1857178678,1,1,0,2682.01,66.67,15.58,353206336.00,1027.83,338.00
0102,0304,0506,0708,50659332,96,661058,4132,1977208078,1,1,0,2782.63,66.56,15.79,165716704.00,875.74,339.00
0102,0304,0506,0708,50659332,96,661058,4133,2097181126,1,1,0,3813.47,66.11,15.79,928047232.00,805.80,340.00
0102,0304,0506,0708,50659332,96,661058,4134,2217185146,1,1,0,4723.68,65.67,16.00,4303857152.00,890.18,341.00
0102,0304,0506,0708,50659332,96,661058,4135,2337189094,1,1,0,3994.16,65.22,15.79,7956090880.00,735.49,342.00
0102,0304,0506,0708,50659332,96,661058,4136,2457190750,1,1,0,2320.23,64.78,15.38,8736689152.00,622.46,343.00
0102,0304,0506,0708,50659332,96,661058,4137,2577220534,1,1,0,2715.88,64.33,15.19,6300368896.00,541.61,344.00
0102,0304,0506,0708,50659332,96,661058,4138,2697191614,1,1,0,5942.29,63.89,15.00,3995648256.00,457.10,345.00
0102,0304,0506,0708,50659332,96,661058,4139,2817191836,1,1,0,2080.98,63.44,15.00,3923574528.00,407.85,346.00
0102,0304,0506,0708,50659332,96,661058,4140,2937191536,1,1,0,8414.90,63.00,15.00,12866166784.00,484.45,347.00
0102,0304,0506,0708,50659332,96,661058,4141,3057193612,1,1,0,4419.48,62.56,15.00,30241964032.00,654.83,348.00
0102,0304,0506,0708,50659332,96,661058,4142,3177195772,1,1,0,4508.76,62.11,7.23,51890384896.00,1148.50,349.00
0102,0304,0506,0708,50659332,96,661058,4143,3297196000,1,1,0,2007.52,61.67,9.23,58067492864.00,2478.43,350.00
0102,0304,0506,0708,50659332,96,661058,4144,3417195070,1,1,0,2413.98,61.22,9.23,29408661504.00,5304.50,351.00
0102,0304,0506,0708,50659332,96,661058,4145,3537197572,1,1,0,3907.54,60.78,9.23,10469795840.00,5316.32,352.00
0102,0304,0506,0708,50659332,96,661058,4146,3657203638,1,1,0,2691.28,60.33,9.16,12644512768.00,4805.09,353.00
0102,0304,0506,0708,50659332,96,661058,4147,3777204412,1,1,0,2422.52,59.89,9.16,14661723136.00,4257.22,354.00
0102,0304,0506,0708,50659332,96,661058,4148,3897203122,1,1,0,2671.95,59.44,16.00,17162405888.00,4331.63,355.00
0102,0304,0506,0708,50659332,96,661058,4149,4017204874,1,1,0,3696.60,59.00,9.84,24198803456.00,5332.96,356.00
0102,0304,0506,0708,50659332,96,661058,4150,4137206152,1,1,0,4712.84,58.56,9.84,22833737728.00,4525.84,357.00
0102,0304,0506,0708,50659332,96,661058,4151,4257205648,1,1,0,5900.68,58.11,9.84,11591394304.00,4397.27,358.00
0102,0304,0506,0708,50659332,96,661058,4152,82239264,1,1,0,3013.84,57.67,10.00,10373784576.00,4717.84,359.00
0102,0304,0506,0708,50659332,96,661058,4153,202238580,1,1,0,6037.48,57.22,10.08,16387135488.00,7975.33,360.00
0102,0304,0506,0708,50659332,96,661058,4154,322238622,1,1,0,3568.87,56.78,6.35,13836205056.00,7950.05,361.00
0102,0304,0506,0708,50659332,96,661058,4155,442238154,1,1,0,3714.62,56.33,6.35,10429085696.00,6811.95,362.00
0102,0304,0506,0708,50659332,96,661058,4156,562237198,0,1,0,1569.57,0.00,6.38,8951351296.00,6128.05,363.00
0102,0304,0506,0708,50659332,96,661058,4157,682238454,1,1,0,5189.73,55.44,10.43,4567406592.00,5273.94,364.00
0102,0304,0506,0708,50659332,96,661058,4158,802232320,1,1,0,7267.19,72.66,10.62,2093225088.00,4745.80,365.00
0102,0304,0506,0708,50659332,96,661058,4159,922231666,1,1,0,12754.95,72.66,10.71,8438951424.00,4249.21,366.00
0102,0304,0506,0708,50659332,96,661058,4160,1042232338,1,1,0,5829.69,72.66,10.81,25232922624.00,3888.25,367.00
0102,0304,0506,0708,50659332,96,661058,4161,1162230718,1,1,0,6442.19,72.66,10.91,40207323136.00,3384.77,368.00
0102,0304,0506,0708,50659332,96,661058,4162,1282230502,1,1,0,5266.90,72.66,10.91,34339676160.00,3069.21,369.00
0102,0304,0506,0708,50659332,96,661058,4163,1402229110,1,1,0,6382.23,72.66,10.91,17139165184.00,2647.19,370.00
0102,0304,0506,0708,50659332,96,661058,4164,1522226044,1,1,0,6469.53,72.66,10.91,6175788032.00,2168.15,371.00
0102,0304,0506,0708,50659332,96,661058,4165,1642222600,1,1,0,8155.71,72.66,10.91,6285853696.00,1846.30,372.00
0102,0304,0506,0708,50659332,96,661058,4166,1762219348,1,1,0,8293.02,72.66,10.91,7255852544.00,1557.91,373.00
0102,0304,0506,0708,50659332,96,661058,4167,1882242340,1,1,0,5798.99,72.66,10.91,5498794496.00,1292.25,374.00
0102,0304,0506,0708,50659332,96,661058,4168,2002214458,1,1,0,5240.41,72.66,10.91,2934516736.00,1076.42,375.00
0102,0304,0506,0708,50659332,96,661058,4169,2122212700,1,1,0,6519.01,72.66,10.91,1257437312.00,903.34,376.00
0102,0304,0506,0708,50659332,96,661058,4170,2242213990,1,1,0,8041.97,72.66,10.91,462176128.00,755.23,377.00
0102,0304,0506,0708,50659332,96,661058,4171,2362215616,1,1,0,8215.77,72.66,10.91,1036374528.00,688.78,378.00
0102,0304,0506,0708,50659332,96,661058,4172,2482246228,1,1,0,8771.16,72.66,10.91,2619190016.00,565.65,379.00
0102,0304,0506,0708,50659332,96,661058,4173,2602219348,1,1,0,9501.55,72.66,10.81,3279054336.00,488.53,380.00
0102,0304,0506,0708,50659332,96,661058,4174,2722221670,1,1,0,9506.12,72.66,10.81,3299652096.00,453.15,381.00
0102,0304,0506,0708,50659332,96,661058,4175,2842222540,1,1,0,9127.10,72.66,10.81,2971406080.00,390.93,382.00
0102,0304,0506,0708,50659332,96,661058,4176,2962224748,1,1,0,8065.11,72.66,10.91,1708308480.00,323.22,383.00
0102,0304,0506,0708,50659332,96,661058,4177,3082253914,1,1,0,7491.46,59.77,10.91,654297152.00,292.57,384.00
0102,0304,0506,0708,50659332,96,661058,4178,3202227760,1,1,0,7044.97,59.77,11.01,211459840.00,257.57,385.00
0102,0304,0506,0708,50659332,96,661058,4179,3322228888,1,1,0,5447.62,59.77,11.11,70454160.00,213.78,386.00
0102,0304,0506,0708,50659332,96,661058,4180,3442230490,1,1,0,3074.23,59.77,10.91,46941320.00,176.61,387.00
0102,0304,0506,0708,50659332,96,661058,4181,3562231660,1,1,0,5653.36,59.77,10.81,21695506.00,186.02,388.00
0102,0304,0506,0708,50659332,96,661058,4182,3682264288,1,1,0,8111.47,58.59,10.91,213989248.00,342.46,389.00
0102,0304,0506,0708,50659332,96,661058,4183,3802240696,1,1,0,5808.97,58.59,11.11,817569280.00,384.08,390.00
0102,0304,0506,0708,50659332,96,661058,4184,3922239154,1,1,0,2977.80,58.59,11.01,1001863808.00,324.50,391.00
0102,0304,0506,0708,50659332,96,661058,4185,4042240344,1,1,0,3719.12,58.63,11.32,787469376.00,339.63,392.00
0102,0304,0506,0708,50659332,96,661058,4186,4162241556,1,1,0,7078.76,59.08,7.10,473745760.00,330.40,393.00
0102,0304,0506,0708,50659332,96,661058,4187,4282270162,1,1,0,9148.11,59.77,14.81,157417344.00,270.13,394.00
0102,0304,0506,0708,50659332,96,661058,4188,107275442,1,1,0,8131.11,59.85,15.58,138886240.00,224.78,395.00
0102,0304,0506,0708,50659332,96,661058,4189,227276066,1,1,0,6757.90,60.20,15.79,450810432.00,190.30,396.00
0102,0304,0506,0708,50659332,96,661058,4190,347278856,1,1,0,5812.68,60.55,15.79,778894976.00,167.46,397.00
0102,0304,0506,0708,50659332,96,661058,4191,467284334,1,1,0,4891.30,60.90,15.79,952665024.00,144.27,398.00
0102,0304,0506,0708,50659332,96,661058,4192,587317730,1,1,0,3585.49,61.21,15.79,787798400.00,121.66,399.00
0102,0304,0506,0708,50659332,96,661058,4193,707292722,1,1,0,2672.73,61.40,15.79,509000448.00,110.33,400.00
0102,0304,0506,0708,50659332,96,661058,4194,827295500,1,1,0,2383.66,61.59,15.79,237265840.00,121.78,401.00
0102,0304,0506,0708,50659332,96,661058,4195,947295728,1,1,0,2541.05,61.79,15.79,149986224.00,147.69,402.00
0102,0304,0506,0708,50659332,96,661058,4196,1067295434,1,1,0,3175.03,61.98,16.00,315119872.00,202.37,403.00
0102,0304,0506,0708,50659332,96,661058,4197,1187320512,1,1,0,4060.90,62.13,15.79,534012832.00,167.48,404.00
0102,0304,0506,0708,50659332,96,661058,4198,1307292480,1,1,0,5179.86,62.19,15.79,454726432.00,169.41,405.00
0102,0304,0506,0708,50659332,96,661058,4199,1427293224,1,1,0,4692.15,62.25,16.00,222496384.00,154.01,406.00
0102,0304,0506,0708,50659332,96,661058,4200,1547293512,1,1,0,5504.71,62.31,16.00,73558232.00,141.83,407.00
0102,0304,0506,0708,50659332,96,661058,4201,1667296110,1,1,0,5478.95,62.36,16.00,43922724.00,117.21,408.00
0102,0304,0506,0708,50659332,96,661058,4202,1787321852,1,1,0,5692.64,62.42,16.00,56051356.00,123.91,409.00
0102,0304,0506,0708,50659332,96,661058,4203,1907292080,1,1,0,4135.93,62.48,16.00,85778424.00,119.01,410.00
0102,0304,0506,0708,50659332,96,661058,4204,2027293586,1,1,0,7299.36,62.54,16.22,76253928.00,104.47,411.00
0102,0304,0506,0708,50659332,96,661058,4205,2147293634,1,1,0,6941.96,62.19,16.67,47531008.00,97.98,412.00
0102,0304,0506,0708,50659332,96,661058,4206,2267292290,1,1,0,3425.36,61.69,7.23,683157440.00,915.30,413.00
0102,0304,0506,0708,50659332,96,661058,4207,2387289908,1,1,0,5089.83,61.20,7.23,954112512.00,1501.87,414.00
0102,0304,0506,0708,50659332,96,661058,4208,2507287886,1,1,0,2968.91,60.71,7.19,551498112.00,1590.35,415.00
0102,0304,0506,0708,50659332,96,661058,4209,2627286188,1,1,0,4084.73,60.22,7.19,190552960.00,1381.15,416.00
0102,0304,0506,0708,50659332,96,661058,4210,2747283068,1,1,0,5893.00,59.81,7.23,79718352.00,1382.26,417.00
0102,0304,0506,0708,50659332,96,661058,4211,2867281718,1,1,0,5438.21,59.42,7.27,194802192.00,1242.42,418.00
0102,0304,0506,0708,50659332,96,661058,4212,2987310218,1,1,0,3384.22,59.05,7.32,583360000.00,1082.60,419.00
0102,0304,0506,0708,50659332,96,661058,4213,3107283758,0,1,0,1936.72,58.73,7.36,758818880.00,970.60,420.00
0102,0304,0506,0708,50659332,96,661058,4214,3227285234,1,1,0,4051.36,58.40,24.00,558081344.00,923.00,421.00
0102,0304,0506,0708,50659332,96,661058,4215,3347287436,1,1,0,6465.09,58.08,24.49,589099904.00,765.19,422.00
0102,0304,0506,0708,50659332,96,661058,4216,3467288384,1,1,0,7924.09,57.76,25.00,1315227136.00,894.03,423.00
0102,0304,0506,0708,50659332,96,661058,4217,3587316044,1,1,0,9425.10,57.52,25.00,1789116160.00,827.58,424.00
0102,0304,0506,0708,50659332,96,661058,4218,3707289908,1,1,0,11131.50,57.52,7.27,1484094976.00,758.65,425.00
0102,0304,0506,0708,50659332,96,661058,4219,3827290238,1,1,0,11854.05,57.52,7.27,863909248.00,675.70,426.00
0102,0304,0506,0708,50659332,96,661058,4220,3947290460,1,1,0,12465.70,57.52,7.27,432837184.00,669.22,427.00
0102,0304,0506,0708,50659332,96,661058,4221,4067290880,1,1,0,12211.36,57.52,7.27,172685232.00,570.44,428.00
0102,0304,0506,0708,50659332,96,661058,4222,4187317472,1,1,0,12884.42,57.57,7.27,57823248.00,464.63,429.00
0102,0304,0506,0708,50659332,96,661058,4223,12321280,1,1,0,11182.66,57.79,7.27,53734692.00,412.62,430.00
0102,0304,0506,0708,50659332,96,661058,4224,132316342,1,1,0,10542.15,58.02,7.27,40718128.00,374.28,431.00
0102,0304,0506,0708,50659332,96,661058,4225,252319942,1,1,0,9628.09,58.31,7.27,30257296.00,340.63,432.00
0102,0304,0506,0708,50659332,96,661058,4226,372322366,1,1,0,7077.39,58.62,7.32,24527676.00,331.15,433.00
0102,0304,0506,0708,50659332,96,661058,4227,492349864,1,1,0,7931.88,58.91,7.27,32804384.00,306.37,434.00
0102,0304,0506,0708,50659332,96,661058,4228,612319864,1,1,0,5168.99,59.11,7.27,164231936.00,280.36,435.00
0102,0304,0506,0708,50659332,96,661058,4229,732318154,1,1,0,4650.63,59.31,7.32,262347344.00,232.40,436.00
0102,0304,0506,0708,50659332,96,661058,4230,852318508,1,1,0,6942.90,59.62,6.94,190435136.00,245.29,437.00
0102,0304,0506,0708,50659332,96,661058,4231,972318568,1,1,0,9461.57,59.98,6.82,71540376.00,220.99,438.00
0102,0304,0506,0708,50659332,96,661058,4232,1092347980,1,1,0,5472.14,60.37,6.82,120041488.00,189.10,439.00
0102,0304,0506,0708,50659332,96,661058,4233,1212318586,1,1,0,4037.67,60.85,6.86,251823840.00,226.79,440.00
0102,0304,0506,0708,50659332,96,661058,4234,1332319736,1,1,0,7011.67,61.32,6.86,270905216.00,201.58,441.00
0102,0304,0506,0708,50659332,96,661058,4235,1452319286,1,1,0,8612.33,61.90,6.86,253133344.00,186.19,442.00
0102,0304,0506,0708,50659332,96,661058,4236,1572319520,1,1,0,9525.34,62.51,6.90,357519232.00,281.25,443.00
0102,0304,0506,0708,50659332,96,661058,4237,1692346918,1,1,0,10232.44,63.12,6.90,483337536.00,293.00,444.00
0102,0304,0506,0708,50659332,96,661058,4238,1812315964,1,1,0,10391.41,63.73,6.86,584962752.00,286.29,445.00
0102,0304,0506,0708,50659332,96,661058,4239,1932312838,1,1,0,10874.81,64.33,6.82,586995008.00,235.41,446.00
0102,0304,0506,0708,50659332,96,661058,4240,2052312136,1,1,0,11036.58,64.94,6.86,497835840.00,219.60,447.00
0102,0304,0506,0708,50659332,96,661058,4241,2172311362,1,1,0,4072.83,65.55,6.82,310561760.00,245.88,448.00
0102,0304,0506,0708,50659332,96,661058,4242,2292338530,1,1,0,5357.23,66.13,6.82,111669816.00,209.23,449.00
0102,0304,0506,0708,50659332,96,661058,4243,2412308962,1,1,0,3955.86,66.62,6.86,636981312.00,547.27,450.00
0102,0304,0506,0708,50659332,96,661058,4244,2532309208,1,1,0,5571.70,67.11,9.45,1692596096.00,4411.36,451.00
0102,0304,0506,0708,50659332,96,661058,4245,2652308512,1,1,0,6720.49,67.60,9.38,2493325568.00,8134.45,452.00
0102,0304,0506,0708,50659332,96,661058,4246,2772307216,1,1,0,9811.54,68.10,9.23,2637625088.00,9554.17,453.00
0102,0304,0506,0708,50659332,96,661058,4247,2892307696,1,1,0,4177.20,68.59,9.30,1102184960.00,10097.84,454.00
0102,0304,0506,0708,50659332,96,661058,4248,3012303628,1,1,0,5028.81,69.08,7.14,1022146688.00,10607.99,455.00
0102,0304,0506,0708,50659332,96,661058,4249,3132302572,1,1,0,4257.10,69.57,7.19,424414304.00,13040.82,456.00
0102,0304,0506,0708,50659332,96,661058,4250,3252301768,1,1,0,2877.66,70.01,9.16,1605353216.00,11419.85,457.00
0102,0304,0506,0708,50659332,96,661058,4251,3372301246,1,1,0,7450.64,70.44,9.09,4002683392.00,9386.37,458.00
0102,0304,0506,0708,50659332,96,661058,4252,3492300190,1,1,0,4251.15,70.87,9.02,3797567488.00,14021.08,459.00
0102,0304,0506,0708,50659332,96,661058,4253,3612295948,1,1,0,4148.03,71.30,9.02,2009255040.00,11640.79,460.00
0102,0304,0506,0708,50659332,96,661058,4254,3732290908,1,1,0,3520.67,71.72,9.02,860213568.00,11913.09,461.00
0102,0304,0506,0708,50659332,96,661058,4255,3852288496,1,1,0,4537.64,71.91,9.02,1673979392.00,11840.78,462.00
0102,0304,0506,0708,50659332,96,661058,4256,3972290962,1,1,0,3284.37,72.01,9.09,9603365888.00,12172.95,463.00
0102,0304,0506,0708,50659332,96,661058,4257,4092290722,1,1,0,2569.79,72.12,9.02,25920223232.00,10290.70,464.00
0102,0304,0506,0708,50659332,96,661058,4258,4212288058,1,1,0,3804.18,72.22,9.02,31148851200.00,9605.60,465.00
0102,0304,0506,0708,50659332,96,661058,4259,37318002,1,1,0,2088.67,72.33,9.02,14201537536.00,11755.02,466.00
0102,0304,0506,0708,50659332,96,661058,4260,157315974,1,1,0,8204.41,72.26,9.09,6963224064.00,9916.16,467.00
0102,0304,0506,0708,50659332,96,661058,4261,277314426,1,1,0,6141.58,72.15,9.16,6816873472.00,10847.52,468.00
0102,0304,0506,0708,50659332,96,661058,4262,397314006,1,1,0,3665.49,72.03,9.16,5671214592.00,15095.43,469.00
0102,0304,0506,0708,50659332,96,661058,4263,517310980,0,1,0,1753.46,0.00,9.16,2307925248.00,13906.50,470.00
0102,0304,0506,0708,50659332,96,661058,4264,637307950,0,1,0,704.36,0.00,9.16,3730916352.00,12315.57,471.00
0102,0304,0506,0708,50659332,96,661058,4265,757303678,0,1,0,1411.89,0.00,35.29,4855656960.00,11642.68,472.00
0102,0304,0506,0708,50659332,96,661058,4266,877302694,0,1,0,1297.41,0.00,35.29,2492872448.00,10665.66,473.00
0102,0304,0506,0708,50659332,96,661058,4267,997302814,0,1,0,1562.26,0.00,34.29,1562658176.00,12539.80,474.00
0102,0304,0506,0708,50659332,96,661058,4268,1117301952,1,1,0,2216.52,71.76,34.29,664436864.00,18715.45,475.00
0102,0304,0506,0708,50659332,96,661058,4269,1237301754,1,1,0,2504.28,71.76,34.29,493709504.00,16871.46,476.00
0102,0304,0506,0708,50659332,96,661058,4270,1357300350,1,1,0,2389.45,71.68,34.29,657011328.00,14095.49,477.00
0102,0304,0506,0708,50659332,96,661058,4271,1477298358,1,1,0,2604.08,71.56,34.29,478705568.00,11560.14,478.00
0102,0304,0506,0708,50659332,96,661058,4272,1597299312,1,1,0,2404.44,71.44,34.29,215057504.00,9443.94,479.00
0102,0304,0506,0708,50659332,96,661058,4273,1717298940,1,1,0,2459.03,71.32,34.29,71679552.00,7727.00,480.00
0102,0304,0506,0708,50659332,96,661058,4274,1837298814,1,1,0,2436.34,71.21,34.29,54924900.00,6323.37,481.00
0102,0304,0506,0708,50659332,96,661058,4275,1957298148,1,1,0,2337.88,71.09,34.29,61572492.00,5158.09,482.00
0102,0304,0506,0708,50659332,96,661058,4276,2077300740,1,1,0,2367.27,70.97,34.29,47025424.00,4205.97,483.00
0102,0304,0506,0708,50659332,96,661058,4277,2197330458,1,1,0,2486.73,70.85,34.29,22109386.00,3440.09,484.00
0102,0304,0506,0708,50659332,96,661058,4278,2317304826,1,1,0,2399.97,70.74,34.29,10804388.00,2819.31,485.00
0102,0304,0506,0708,50659332,96,661058,4279,2437306044,1,1,0,2407.10,70.62,34.29,32068164.00,2318.88,486.00
0102,0304,0506,0708,50659332,96,661058,4280,2557307850,1,1,0,2326.28,70.59,34.29,87583480.00,1909.82,487.00
0102,0304,0506,0708,50659332,96,661058,4281,2677304892,1,1,0,2506.96,70.59,34.29,177143488.00,1572.48,488.00
0102,0304,0506,0708,50659332,96,661058,4282,2797332486,1,1,0,2428.32,70.56,34.29,259066368.00,1290.90,489.00
0102,0304,0506,0708,50659332,96,661058,4283,2917309368,1,1,0,2448.42,70.46,34.29,285683936.00,1062.78,490.00
0102,0304,0506,0708,50659332,96,661058,4284,3037312368,1,1,0,2376.50,70.35,34.29,272270848.00,875.50,491.00
0102,0304,0506,0708,50659332,96,661058,4285,3157313346,1,1,0,2339.79,70.25,34.29,148940496.00,724.23,492.00
0102,0304,0506,0708,50659332,96,661058,4286,3277315392,1,1,0,2392.87,70.14,34.29,137621680.00,602.67,493.00
0102,0304,0506,0708,50659332,96,661058,4287,3397344624,1,1,0,2325.99,70.04,34.29,110320240.00,506.05,494.00
0102,0304,0506,0708,50659332,96,661058,4288,3517318164,1,1,0,2312.88,69.93,34.29,94879688.00,412.98,495.00
0102,0304,0506,0708,50659332,96,661058,4289,3637320666,1,1,0,2272.19,69.83,34.29,90016584.00,338.11,496.00
0102,0304,0506,0708,50659332,96,661058,4290,3757323234,1,1,0,2282.51,69.73,34.29,91409728.00,275.86,497.00
0102,0304,0506,0708,50659332,96,661058,4291,3877324992,1,1,0,2311.06,69.62,34.29,89079432.00,224.91,498.00
0102,0304,0506,0708,50659332,96,661058,4292,3997351398,1,1,0,2339.79,69.52,34.29,80504888.00,183.31,499.00
0102,0304,0506,0708,50659332,96,661058,4293,4117330878,1,1,0,2382.21,69.41,34.29,140389376.00,149.36,500.00
0102,0304,0506,0708,50659332,96,661058,4294,4237331370,1,1,0,2330.66,69.31,34.29,120514024.00,121.66,501.00
0102,0304,0506,0708,50659332,96,661058,4295,62362694,1,1,0,2388.76,69.20,34.29,90908552.00,99.18,502.00
0102,0304,0506,0708,50659332,96,661058,4296,182364482,1,1,0,2455.51,69.10,34.29,61216632.00,80.96,503.00
0102,0304,0506,0708,50659332,96,661058,4297,302392280,1,1,0,2423.59,69.02,34.29,38864936.00,66.12,504.00
0102,0304,0506,0708,50659332,96,661058,4298,422369576,1,1,0,2453.68,69.02,34.29,23860378.00,53.96,505.00
0102,0304,0506,0708,50659332,96,661058,4299,542369468,1,1,0,2471.56,69.02,34.29,12992650.00,43.95,506.00
0102,0304,0506,0708,50659332,96,661058,4300,662368256,1,1,0,2455.18,69.02,34.29,5802710.00,35.86,507.00
0102,0304,0506,0708,50659332,96,661058,4301,782369018,1,1,0,2450.30,69.02,34.29,1938865.75,29.39,508.00
0102,0304,0506,0708,50659332,96,661058,4302,902401460,1,1,0,2450.36,69.02,34.29,848526.75,24.06,509.00
0102,0304,0506,0708,50659332,96,661058,4303,1022374010,1,1,0,2480.81,69.02,34.29,996330.50,19.62,510.00
0102,0304,0506,0708,50659332,96,661058,4304,1142374646,1,1,0,2440.47,69.02,34.29,1168047.25,16.01,511.00
0102,0304,0506,0708,50659332,96,661058,4305,1262375714,1,1,0,2473.18,69.02,34.29,1840523.00,13.30,512.00
0102,0304,0506,0708,50659332,96,661058,4306,1382376758,1,1,0,2486.97,69.02,34.29,2469306.25,11.10,513.00
0102,0304,0506,0708,50659332,96,661058,4307,1502405690,1,1,0,2479.18,69.02,34.29,3168823.00,9.09,514.00
0102,0304,0506,0708,50659332,96,661058,4308,1622377664,1,1,0,2445.84,69.02,33.33,3616723.00,7.41,515.00
0102,0304,0506,0708,50659332,96,661058,4309,1742377430,1,1,0,2390.74,69.02,33.33,4530241.00,6.11,516.00
0102,0304,0506,0708,50659332,96,661058,4310,1862373524,1,1,0,2419.84,69.02,32.43,5960136.00,5.10,517.00
0102,0304,0506,0708,50659332,96,661058,4311,1982374836,0,1,0,2474.67,0.00,32.43,6243714.50,4.22,518.00
0102,0304,0506,0708,50659332,96,661058,4312,2102402820,0,1,0,2486.55,0.00,33.33,4707832.00,3.57,519.00
0102,0304,0506,0708,50659332,96,661058,4313,2222374170,0,1,0,2466.95,0.00,32.43,4201873.50,3.05,520.00
0102,0304,0506,0708,50659332,96,661058,4314,2342372724,0,1,0,2456.86,0.00,34.29,4046321.00,2.87,521.00
0102,0304,0506,0708,50659332,96,661058,4315,2462372292,0,1,0,2449.90,0.00,35.29,2993492.75,2.59,522.00
0102,0304,0506,0708,50659332,96,661058,4316,2582371158,0,1,0,2443.68,0.00,36.36,2143091.00,2.12,523.00
0102,0304,0506,0708,50659332,96,661058,4317,2702396928,0,1,0,2472.36,0.00,36.36,1810033.62,1.74,524.00
0102,0304,0506,0708,50659332,96,661058,4318,2822373120,0,1,0,2484.91,0.00,36.36,1949724.88,1.53,525.00
0102,0304,0506,0708,50659332,96,661058,4319,2942372838,0,1,0,2465.33,0.00,36.36,1888945.25,1.34,526.00
0102,0304,0506,0708,50659332,96,661058,4320,3062374506,0,1,0,2447.43,0.00,36.36,1495404.00,1.12,527.00
0102,0304,0506,0708,50659332,96,661058,4321,3182370618,0,1,0,2348.63,0.00,33.33,14343.28,0.91,528.00
0102,0304,0506,0708,50659332,96,661058,4322,3302404896,0,1,0,2345.22,0.00,34.29,288197.97,0.77,529.00
0102,0304,0506,0708,50659332,96,661058,4323,3422374398,0,1,0,2356.22,0.00,32.43,164353.91,0.68,530.00
0102,0304,0506,0708,50659332,96,661058,4324,3542374932,0,1,0,2355.76,0.00,33.33,50172.02,0.56,531.00
0102,0304,0506,0708,50659332,96,661058,4325,3662373072,0,1,0,2335.70,0.00,0.00,10758.92,0.48,532.00
0102,0304,0506,0708,50659332,96,661058,4326,3782373744,0,1,0,2357.88,0.00,0.00,3160.55,0.43,533.00
0102,0304,0506,0708,50659332,96,661058,4327,3902403990,0,1,0,2325.43,0.00,0.00,1201.08,0.38,534.00
0102,0304,0506,0708,50659332,96,661058,4328,4022375898,0,1,0,2351.82,0.00,0.00,515.17,0.33,535.00
0102,0304,0506,0708,50659332,96,661058,4329,4142374932,0,1,0,2343.38,0.00,0.00,104.90,0.37,536.00
0102,0304,0506,0708,50659332,96,661058,4330,4262375292,0,1,0,2364.75,0.00,0.00,159.87,0.53,537.00
0102,0304,0506,0708,50659332,96,661058,4331,87411122,0,1,0,2349.71,0.00,0.00,150.84,0.59,538.00
0102,0304,0506,0708,50659332,96,661058,4332,207439910,0,1,0,2329.00,0.00,0.00,471.34,0.49,539.00
0102,0304,0506,0708,50659332,96,661058,4333,327411818,0,1,0,2333.27,0.00,0.00,364.31,0.45,540.00
0102,0304,0506,0708,50659332,96,661058,4334,447408338,0,1,0,2422.95,0.00,0.00,437.57,0.40,541.00
0102,0304,0506,0708,50659332,96,661058,4335,567408104,0,1,0,2409.62,0.00,0.00,385.48,0.39,542.00
0102,0304,0506,0708,50659332,96,661058,4336,687408290,0,1,0,2397.30,0.00,0.00,348.57,0.40,543.00
0102,0304,0506,0708,50659332,96,661058,4337,807436766,0,1,0,2363.47,0.00,0.00,423.74,0.33,544.00
0102,0304,0506,0708,50659332,96,661058,4338,927407480,0,1,0,2377.48,0.00,0.00,391.45,0.28,545.00
0102,0304,0506,0708,50659332,96,661058,4339,1047408662,0,1,0,2364.67,0.00,0.00,365.55,0.24,546.00
0102,0304,0506,0708,50659332,96,661058,4340,1167408854,0,1,0,2353.28,0.00,0.00,315.24,0.22,547.00
0102,0304,0506,0708,50659332,96,661058,4341,1287408314,0,1,0,2376.90,0.00,0.00,246.90,0.19,548.00
0102,0304,0506,0708,50659332,96,661058,4342,1407438938,0,1,0,2363.95,0.00,0.00,170.92,0.16,549.00
0102,0304,0506,0708,50659332,96,661058,4343,1527410492,0,1,0,2389.33,0.00,0.00,100.86,0.14,550.00
0102,0304,0506,0708,50659332,96,661058,4344,1647409784,0,1,0,2345.32,0.00,0.00,54.89,0.14,551.00
0102,0304,0506,0708,50659332,96,661058,4345,1767409640,0,1,0,2391.07,0.00,0.00,36.15,0.13,552.00
0102,0304,0506,0708,50659332,96,661058,4346,1887409874,0,1,0,2390.81,0.00,0.00,37.56,0.13,553.00
0102,0304,0506,0708,50659332,96,661058,4347,2007437948,0,1,0,2422.86,0.00,0.00,32.78,0.12,554.00
0102,0304,0506,0708,50659332,96,661058,4348,2127407270,0,1,0,2362.62,0.00,0.00,16.04,0.10,555.00
0102,0304,0506,0708,50659332,96,661058,4349,2247406862,0,1,0,2406.73,0.00,0.00,5.35,0.10,556.00
0102,0304,0506,0708,50659332,96,661058,4350,2367406334,0,1,0,2404.52,0.00,0.00,2.71,0.10,557.00
0102,0304,0506,0708,50659332,96,661058,4351,2487410252,0,1,0,2388.16,0.00,0.00,76.49,0.17,558.00
0102,0304,0506,0708,50659332,96,661058,4352,2607434816,0,1,0,2438.80,0.00,0.00,540.13,0.65,559.00
0102,0304,0506,0708,50659332,96,661058,4353,2727407708,0,1,0,2409.17,0.00,0.00,633.72,1.14,560.00
0102,0304,0506,0708,50659332,96,661058,4354,2847407252,0,1,0,2440.02,0.00,0.00,420.07,1.33,561.00
0102,0304,0506,0708,50659332,96,661058,4355,2967417404,0,1,0,2396.82,0.00,0.00,432.37,1.98,562.00
0102,0304,0506,0708,50659332,96,661058,4356,3087418472,0,1,0,2500.78,0.00,0.00,2810.68,2.84,563.00
0102,0304,0506,0708,50659332,96,661058,4357,3207453092,0,1,0,2438.00,0.00,0.00,10012.75,4.15,564.00
0102,0304,0506,0708,50659332,96,661058,4358,3327419788,1,1,0,2545.59,67.68,0.00,5143.69,36.21,565.00
0102,0304,0506,0708,50659332,96,661058,4359,3447427594,1,1,0,2504.37,67.68,0.00,28968.23,82.30,566.00
0102,0304,0506,0708,50659332,96,661058,4360,3567428212,1,1,0,2726.08,67.68,0.00,50268.14,150.70,567.00
0102,0304,0506,0708,50659332,96,661058,4361,3687427726,1,1,0,3148.34,67.68,0.00,159467.12,147.20,568.00
0102,0304,0506,0708,50659332,96,661058,4362,3807456646,1,1,0,2501.67,67.68,0.00,988524.12,136.93,569.00
0102,0304,0506,0708,50659332,96,661058,4363,3927429814,1,1,0,2092.60,67.68,0.00,12542735.00,176.86,570.00
0102,0304,0506,0708,50659332,96,661058,4364,4047428578,1,1,0,2185.78,67.68,0.00,125925760.00,568.88,571.00
0102,0304,0506,0708,50659332,96,661058,4365,4167425732,0,1,0,1746.19,0.00,0.00,424088928.00,1183.98,572.00
0102,0304,0506,0708,50659332,96,661058,4366,4287423064,1,1,0,3199.81,67.68,0.00,792575104.00,1591.79,573.00
0102,0304,0506,0708,50659332,96,661058,4367,112459524,1,1,0,3418.25,67.68,0.00,956543232.00,1782.29,574.00
0102,0304,0506,0708,50659332,96,661058,4368,232457814,1,1,0,3995.91,67.68,0.00,580339200.00,1818.73,575.00
0102,0304,0506,0708,50659332,96,661058,4369,352457076,1,1,0,3972.21,67.68,0.00,225573344.00,1602.35,576.00
0102,0304,0506,0708,50659332,96,661058,4370,472459482,1,1,0,4024.43,67.68,0.00,449379712.00,1316.57,577.00
0102,0304,0506,0708,50659332,96,661058,4371,592462566,1,1,0,3998.02,67.68,0.00,1182677632.00,1113.12,578.00
0102,0304,0506,0708,50659332,96,661058,4372,712476234,1,1,0,4002.56,67.68,0.00,2550761984.00,914.67,579.00
0102,0304,0506,0708,50659332,96,661058,4373,832447482,1,1,0,3999.36,67.68,0.00,3780432896.00,750.11,580.00
0102,0304,0506,0708,50659332,96,661058,4374,952446900,1,1,0,3978.68,67.68,0.00,4214371584.00,617.90,581.00
0102,0304,0506,0708,50659332,96,661058,4375,1072446582,1,1,0,4024.25,67.68,0.00,3832998400.00,506.12,582.00
0102,0304,0506,0708,50659332,96,661058,4376,1192446612,1,1,0,4051.21,67.68,0.00,2877815296.00,412.39,583.00
0102,0304,0506,0708,50659332,96,661058,4377,1312471296,1,1,0,4037.52,67.68,0.00,1847055616.00,337.96,584.00
0102,0304,0506,0708,50659332,96,661058,4378,1432442208,1,1,0,4027.42,67.68,0.00,1014434368.00,278.90,585.00
0102,0304,0506,0708,50659332,96,661058,4379,1552442100,1,1,0,4032.80,67.68,0.00,489803904.00,228.07,586.00
0102,0304,0506,0708,50659332,96,661058,4380,1672439766,1,1,0,4019.11,67.68,0.00,211840992.00,186.78,587.00
0102,0304,0506,0708,50659332,96,661058,4381,1792439124,1,1,0,4026.72,67.68,0.00,80715520.00,152.20,588.00
0102,0304,0506,0708,50659332,96,661058,4382,1912465416,1,1,0,4022.71,67.68,0.00,32452218.00,137.16,589.00
0102,0304,0506,0708,50659332,96,661058,4383,2032434654,1,1,0,4033.83,67.68,0.00,26306864.00,181.41,590.00
0102,0304,0506,0708,50659332,96,661058,4384,2152432908,1,1,0,4044.74,67.68,0.00,13586795.00,165.40,591.00
0102,0304,0506,0708,50659332,96,661058,4385,2272430220,1,1,0,4040.17,67.59,0.00,9426315.00,141.72,592.00
0102,0304,0506,0708,50659332,96,661058,4386,2392429572,1,1,0,4030.45,67.48,0.00,48645488.00,115.95,593.00
0102,0304,0506,0708,50659332,96,661058,4387,2512455030,1,1,0,4018.49,67.36,0.00,140132096.00,97.06,594.00
0102,0304,0506,0708,50659332,96,661058,4388,2632426248,1,1,0,4019.97,67.24,0.00,261114384.00,79.97,595.00
0102,0304,0506,0708,50659332,96,661058,4389,2752425114,1,1,0,4019.40,67.12,13.48,374200384.00,65.25,596.00
0102,0304,0506,0708,50659332,96,661058,4390,2872424958,1,1,0,4020.66,67.17,13.04,448898272.00,53.62,597.00
0102,0304,0506,0708,50659332,96,661058,4391,2992425444,1,1,0,4030.92,67.28,12.77,481226880.00,43.87,598.00
0102,0304,0506,0708,50659332,96,661058,4392,3112453932,1,1,0,4011.33,67.38,12.37,471316352.00,35.76,599.00
0102,0304,0506,0708,50659332,96,661058,4393,3232425714,1,1,0,4014.91,67.49,12.00,432375200.00,29.20,600.00
0102,0304,0506,0708,50659332,96,661058,4394,3352423620,1,1,0,4019.02,67.59,11.65,378219040.00,23.83,601.00
0102,0304,0506,0708,50659332,96,661058,4395,3472422510,1,1,0,4002.21,67.76,11.32,324764000.00,19.42,602.00
0102,0304,0506,0708,50659332,96,661058,4396,3592421016,1,1,0,3998.69,67.96,11.01,271910912.00,15.83,603.00
0102,0304,0506,0708,50659332,96,661058,4397,3712449678,1,1,0,4007.90,68.16,10.71,223244704.00,12.90,604.00
0102,0304,0506,0708,50659332,96,661058,4398,3832421238,1,1,0,4021.73,68.36,10.43,179352992.00,10.52,605.00
0102,0304,0506,0708,50659332,96,661058,4399,3952421946,1,1,0,4008.45,68.56,10.26,140235184.00,8.58,606.00
0102,0304,0506,0708,50659332,96,661058,4400,4072418988,1,1,0,4013.71,68.76,10.00,106178048.00,6.99,607.00
0102,0304,0506,0708,50659332,96,661058,4401,4192420686,1,1,0,4022.08,68.95,9.76,77386296.00,5.70,608.00
0102,0304,0506,0708,50659332,96,661058,4402,17483952,0,1,0,4022.88,0.00,9.52,54186104.00,4.64,609.00
0102,0304,0506,0708,50659332,96,661058,4403,137457054,0,1,0,4017.83,0.00,9.38,35632596.00,3.78,610.00
0102,0304,0506,0708,50659332,96,661058,4404,257457888,0,1,0,4022.43,0.00,9.30,21667988.00,3.08,611.00
0102,0304,0506,0708,50659332,96,661058,4405,377457702,0,1,0,4012.42,0.00,0.00,11922955.00,2.51,612.00
0102,0304,0506,0708,50659332,96,661058,4406,497457714,0,1,0,4010.34,0.00,0.00,5716541.50,2.05,613.00
0102,0304,0506,0708,50659332,96,661058,4407,617484822,0,1,0,4002.57,0.00,0.00,2194931.50,1.67,614.00
0102,0304,0506,0708,50659332,96,661058,4408,737454852,0,1,0,4013.17,0.00,0.00,739198.38,1.36,615.00
0102,0304,0506,0708,50659332,96,661058,4409,857454618,0,1,0,4017.32,0.00,0.00,770762.50,1.11,616.00
0102,0304,0506,0708,50659332,96,661058,4410,977454024,0,1,0,4006.84,0.00,0.00,1775558.50,0.91,617.00
0102,0304,0506,0708,50659332,96,661058,4411,1097454726,0,1,0,4013.67,0.00,0.00,3338095.75,0.74,618.00
0102,0304,0506,0708,50659332,96,661058,4412,1217483760,0,1,0,4023.98,0.00,0.00,5086209.50,0.61,619.00
0102,0304,0506,0708,50659332,96,661058,4413,1337455596,0,1,0,4021.96,0.00,0.00,6818244.50,0.50,620.00
0102,0304,0506,0708,50659332,96,661058,4414,1457454354,0,1,0,4018.56,0.00,0.00,8146922.00,0.41,621.00
0102,0304,0506,0708,50659332,96,661058,4415,1577453946,0,1,0,4022.06,0.00,0.00,9049606.00,0.33,622.00
0102,0304,0506,0708,50659332,96,661058,4416,1697453106,0,1,0,4016.88,0.00,0.00,9537468.00,0.28,623.00
0102,0304,0506,0708,50659332,96,661058,4417,1817480160,0,1,0,4027.06,0.00,0.00,9636133.00,0.23,624.00
0102,0304,0506,0708,50659332,96,661058,4418,1937451924,0,1,0,4023.57,0.00,0.00,9326376.00,0.19,625.00
0102,0304,0506,0708,50659332,96,661058,4419,2057450850,0,1,0,4025.69,0.00,0.00,8784619.00,0.15,626.00
0102,0304,0506,0708,50659332,96,661058,4420,2177449860,0,1,0,4028.43,0.00,0.00,8045358.00,0.13,627.00
0102,0304,0506,0708,50659332,96,661058,4421,2297447394,0,1,0,4016.09,0.00,0.00,7135852.00,0.10,628.00
0102,0304,0506,0708,50659332,96,661058,4422,2417473812,0,1,0,4024.54,0.00,0.00,6092755.50,0.09,629.00
0102,0304,0506,0708,50659332,96,661058,4423,2537444196,0,1,0,4025.62,0.00,0.00,5006516.00,0.07,630.00
0102,0304,0506,0708,50659332,96,661058,4424,2657443062,0,1,0,4027.39,0.00,0.00,4025618.75,0.06,631.00
0102,0304,0506,0708,50659332,96,661058,4425,2777442216,0,1,0,4023.86,0.00,0.00,3082345.00,0.06,632.00
0102,0304,0506,0708,50659332,96,661058,4426,2897440020,0,1,0,4027.12,0.00,0.00,2266868.50,0.06,633.00
0102,0304,0506,0708,50659332,96,661058,4427,3017466432,0,1,0,4015.44,0.00,0.00,1556478.50,0.05,634.00
0102,0304,0506,0708,50659332,96,661058,4428,3137438124,0,1,0,4024.42,0.00,0.00,1003740.69,0.04,635.00
0102,0304,0506,0708,50659332,96,661058,4429,3257440290,0,1,0,4034.08,0.00,0.00,621640.94,0.03,636.00
0102,0304,0506,0708,50659332,96,661058,4430,3377441256,0,1,0,4024.01,0.00,0.00,403323.47,0.03,637.00
0102,0304,0506,0708,50659332,96,661058,4431,3497439702,0,1,0,4024.89,0.00,0.00,243521.58,0.02,638.00
0102,0304,0506,0708,50659332,96,661058,4432,3617463990,0,1,0,4026.33,0.00,36.36,127484.10,0.02,639.00
0102,0304,0506,0708,50659332,96,661058,4433,3737433450,0,1,0,4008.06,0.00,36.36,51325.93,0.02,640.00
0102,0304,0506,0708,50659332,96,661058,4434,3857434476,0,1,0,4020.77,0.00,0.00,15109.87,0.01,641.00
0102,0304,0506,0708,50659332,96,661058,4435,3977432670,0,1,0,4005.86,0.00,0.00,9763.53,0.01,642.00
0102,0304,0506,0708,50659332,96,661058,4436,4097432118,0,1,0,4024.84,0.00,0.00,18844.81,0.01,643.00
0102,0304,0506,0708,50659332,96,661058,4437,4217459880,0,1,0,4023.63,0.00,0.00,29383.07,0.01,644.00
0102,0304,0506,0708,50659332,96,661058,4438,42465014,0,1,0,4026.29,0.00,0.00,30596.88,0.01,645.00
0102,0304,0506,0708,50659332,96,661058,4439,162465254,0,1,0,4018.35,0.00,0.00,25383.44,0.01,646.00
0102,0304,0506,0708,50659332,96,661058,4440,282463196,0,1,0,4014.29,0.00,0.00,20170.50,0.01,647.00
0102,0304,0506,0708,50659332,96,661058,4441,402464732,0,1,0,4023.73,0.00,0.00,17493.59,0.01,648.00
0102,0304,0506,0708,50659332,96,661058,4442,522509720,0,1,0,4017.54,0.00,0.00,16021.75,0.01,649.00
0102,0304,0506,0708,50659332,96,661058,4443,642482546,0,1,0,4014.44,0.00,0.00,15972.05,0.01,650.00
0102,0304,0506,0708,50659332,96,661058,4444,762483344,0,1,0,4015.79,0.00,0.00,15738.17,0.01,651.00
0102,0304,0506,0708,50659332,96,661058,4445,882481946,0,1,0,4017.29,0.00,0.00,15214.85,0.01,652.00
0102,0304,0506,0708,50659332,96,661058,4446,1002482168,0,1,0,4029.54,0.00,0.00,14333.89,0.01,653.00
0102,0304,0506,0708,50659332,96,661058,4447,1122507224,0,1,0,4021.64,0.00,0.00,13384.45,0.01,654.00
0102,0304,0506,0708,50659332,96,661058,4448,1242483902,0,1,0,4019.64,0.00,0.00,12563.45,0.01,655.00
0102,0304,0506,0708,50659332,96,661058,4449,1362485774,0,1,0,4024.14,0.00,0.00,11141.27,0.00,656.00
0102,0304,0506,0708,50659332,96,661058,4450,1482487856,0,1,0,4023.51,0.00,0.00,10889.72,0.01,657.00
0102,0304,0506,0708,50659332,96,661058,4451,1602489992,0,1,0,3996.82,0.00,0.00,40048.15,0.05,658.00
0102,0304,0506,0708,50659332,96,661058,4452,1722516902,0,1,0,4008.62,0.00,0.00,3827.82,0.15,659.00
0102,0304,0506,0708,50659332,96,661058,4453,1842496388,0,1,0,3993.81,0.00,0.00,13423.32,0.19,660.00
0102,0304,0506,0708,50659332,96,661058,4454,1962495194,0,1,0,3985.50,0.00,0.00,9801.91,0.42,661.00
0102,0304,0506,0708,50659332,96,661058,4455,2082496532,0,1,0,3997.71,0.00,0.00,3506.77,0.35,662.00
0102,0304,0506,0708,50659332,96,661058,4456,2202498470,0,1,0,4000.49,0.00,0.00,1854.34,0.29,663.00
0102,0304,0506,0708,50659332,96,661058,4457,2322533510,0,1,0,4003.93,0.00,0.00,5015.69,0.33,664.00
0102,0304,0506,0708,50659332,96,661058,4458,2442511658,0,1,0,4001.82,0.00,0.00,14166.69,0.27,665.00
0102,0304,0506,0708,50659332,96,661058,4459,2562514718,0,1,0,4000.95,0.00,0.00,64881.35,0.24,666.00
0102,0304,0506,0708,50659332,96,661058,4460,2682514688,0,1,0,4000.80,0.00,0.00,37088.87,0.20,667.00
0102,0304,0506,0708,50659332,96,661058,4461,2802514430,0,1,0,4009.26,0.00,0.00,14466.12,0.17,668.00
0102,0304,0506,0708,50659332,96,661058,4462,2922543758,0,1,0,4006.56,0.00,0.00,3976.99,0.14,669.00
0102,0304,0506,0708,50659332,96,661058,4463,3042516662,0,1,0,4000.87,0.00,0.00,1114.23,0.12,670.00
0102,0304,0506,0708,50659332,96,661058,4464,3162516956,0,1,0,3994.30,0.00,0.00,785.57,0.10,671.00
0102,0304,0506,0708,50659332,96,661058,4465,3282516746,0,1,0,3995.19,0.00,0.00,773.64,0.09,672.00
0102,0304,0506,0708,50659332,96,661058,4466,3402515960,0,1,0,4005.20,0.00,0.00,680.53,0.08,673.00
0102,0304,0506,0708,50659332,96,661058,4467,3522540014,0,1,0,4017.30,0.00,0.00,528.53,0.07,674.00
0102,0304,0506,0708,50659332,96,661058,4468,3642512840,0,1,0,4010.77,0.00,0.00,104.28,0.05,675.00
0102,0304,0506,0708,50659332,96,661058,4469,3762513044,0,1,0,4012.22,0.00,0.00,38.39,0.05,676.00
0102,0304,0506,0708,50659332,96,661058,4470,3882513254,0,1,0,4002.72,0.00,0.00,11.25,0.04,677.00
0102,0304,0506,0708,50659332,96,661058,4471,4002512846,0,1,0,4008.14,0.00,0.00,3.38,0.05,678.00
0102,0304,0506,0708,50659332,96,661058,4472,4122538148,0,1,0,4010.53,0.00,0.00,1.34,0.05,679.00
0102,0304,0506,0708,50659332,96,661058,4473,4242510524,0,1,0,3994.14,0.00,0.00,0.56,0.05,680.00
0102,0304,0506,0708,50659332,96,661058,4474,67542718,0,1,0,4010.08,0.00,0.00,0.57,0.04,681.00
0102,0304,0506,0708,50659332,96,661058,4475,187542496,0,1,0,4007.42,0.00,0.00,2.20,0.04,682.00
0102,0304,0506,0708,50659332,96,661058,4476,307542214,0,1,0,4010.82,0.00,0.00,6.73,0.03,683.00
0102,0304,0506,0708,50659332,96,661058,4477,427566832,0,1,0,4002.83,0.00,0.00,12.53,0.03,684.00
0102,0304,0506,0708,50659332,96,661058,4478,547542256,0,1,0,4004.78,0.00,0.00,40.94,0.03,685.00
0102,0304,0506,0708,50659332,96,661058,4479,667542112,0,1,0,4013.06,0.00,0.00,28.26,0.03,686.00
0102,0304,0506,0708,50659332,96,661058,4480,787542790,0,1,0,4002.47,0.00,0.00,14.30,0.02,687.00
0102,0304,0506,0708,50659332,96,661058,4481,907542628,0,1,0,4007.88,0.00,0.00,11.48,0.02,688.00
0102,0304,0506,0708,50659332,96,661058,4482,1027569052,0,1,0,3995.03,0.00,0.00,245.01,0.07,689.00
0102,0304,0506,0708,50659332,96,661058,4483,1147541536,0,1,0,4001.65,0.00,0.00,847.41,0.35,690.00
0102,0304,0506,0708,50659332,96,661058,4484,1267541596,0,1,0,3988.65,0.00,0.00,875.53,0.39,691.00
0102,0304,0506,0708,50659332,96,661058,4485,1387541002,0,1,0,3998.18,0.00,0.00,395.27,0.42,692.00
0102,0304,0506,0708,50659332,96,661058,4486,1507540180,0,1,0,3993.39,0.00,0.00,124.95,0.37,693.00
0102,0304,0506,0708,50659332,96,661058,4487,1627568170,0,1,0,3990.48,0.00,0.00,228.80,0.37,694.00
0102,0304,0506,0708,50659332,96,661058,4488,1747535710,0,1,0,3995.46,0.00,0.00,456.52,0.30,695.00
0102,0304,0506,0708,50659332,96,661058,4489,1867531714,0,1,0,4005.12,0.00,0.00,676.08,0.26,696.00
0102,0304,0506,0708,50659332,96,661058,4490,1987531798,0,1,0,3994.59,0.00,0.00,678.97,0.36,697.00
0102,0304,0506,0708,50659332,96,661058,4491,2107531888,0,1,0,4000.50,0.00,0.00,414.85,0.35,698.00
0102,0304,0506,0708,50659332,96,661058,4492,2227559932,0,1,0,3992.33,0.00,0.00,219.95,0.29,699.00
0102,0304,0506,0708,50659332,96,661058,4493,2347532764,0,1,0,4004.54,0.00,0.00,157.78,0.26,700.00
0102,0304,0506,0708,50659332,96,661058,4494,2467533808,0,1,0,3997.91,0.00,0.00,120.67,0.22,701.00
0102,0304,0506,0708,50659332,96,661058,4495,2587535644,0,1,0,3985.57,0.00,0.00,63.53,0.22,702.00
0102,0304,0506,0708,50659332,96,661058,4496,2707536484,0,1,0,3991.99,0.00,0.00,22.39,0.19,703.00
0102,0304,0506,0708,50659332,96,661058,4497,2827565218,0,1,0,3992.09,0.00,0.00,17.34,0.15,704.00
0102,0304,0506,0708,50659332,96,661058,4498,2947538230,0,1,0,3992.69,0.00,0.00,41.05,0.13,705.00
0102,0304,0506,0708,50659332,96,661058,4499,3067538686,0,1,0,3990.12,0.00,0.00,66.43,0.11,706.00
0102,0304,0506,0708,50659332,96,661058,4500,3187539004,0,1,0,3992.83,0.00,0.00,77.40,0.10,707.00
0102,0304,0506,0708,50659332,96,661058,4501,3307540906,0,1,0,3987.16,0.00,0.00,75.10,0.08,708.00
0102,0304,0506,0708,50659332,96,661058,4502,3427569616,0,1,0,3992.53,0.00,0.00,64.63,0.07,709.00
0102,0304,0506,0708,50659332,96,661058,4503,3547542202,0,1,0,3984.24,0.00,0.00,52.78,0.06,710.00
0102,0304,0506,0708,50659332,96,661058,4504,3667543216,0,1,0,3993.61,0.00,0.00,48.98,0.05,711.00
0102,0304,0506,0708,50659332,96,661058,4505,3787543798,0,1,0,3975.73,0.00,0.00,106.22,0.07,712.00
0102,0304,0506,0708,50659332,96,661058,4506,3907544338,0,1,0,3989.99,0.00,0.00,160.24,0.14,713.00
0102,0304,0506,0708,50659332,96,661058,4507,4027573828,0,1,0,3988.68,0.00,0.00,141.30,0.14,714.00
0102,0304,0506,0708,50659332,96,661058,4508,4147547422,0,1,0,3994.87,0.00,0.00,74.89,0.12,715.00
0102,0304,0506,0708,50659332,96,661058,4509,4267545472,0,1,0,3989.03,0.00,0.00,27.61,0.10,716.00
0102,0304,0506,0708,50659332,96,661058,4510,92577612,0,1,0,3999.51,0.00,0.00,13.79,0.12,717.00
0102,0304,0506,0708,50659332,96,661058,4511,212576316,0,1,0,3983.19,0.00,0.00,38.55,0.10,718.00
0102,0304,0506,0708,50659332,96,661058,4512,332603646,0,1,0,3985.04,0.00,0.00,72.84,0.09,719.00
0102,0304,0506,0708,50659332,96,661058,4513,452574594,0,1,0,3988.61,0.00,0.00,70.46,0.08,720.00
